92,FAIL
512,FAIL
513,FAIL
514,FAIL
2978,FAIL
539,FAIL
540,FAIL
541,FAIL
542,FAIL
543,FAIL
188,PASS
544,FAIL
110,WARN
1637,WARN
4076,WARN
4193,WARN
190,WARN
4201,WARN
723,WARN
4202,WARN
84,WARN
91,WARN
108,WARN
158,PASS
168,PASS
5466,FAIL
3719,FAIL
3700,FAIL
5827,FAIL
5454,FAIL
235,WARN
247,WARN
248,WARN
5837,FAIL
183,FAIL
1600,FAIL
1413,FAIL
6895,FAIL
7333,FAIL
1433,FAIL
1436,FAIL
3226,WARN
132,FAIL
6393,FAIL
3609,WARN
3610,WARN
3251,WARN
102,FAIL
106,FAIL
1127,WARN
3563,FAIL
2791,FAIL
5829,FAIL
27,FAIL
94,FAIL
157,FAIL
164,FAIL
5313,FAIL
5314,FAIL
5578,FAIL
3516,WARN
3518,WARN
7346,WARN
3031,WARN
96,INFO
38,INFO
2848,PASS
51,FAIL
3464,FAIL
4236,FAIL
4237,FAIL
4240,FAIL
3249,FAIL
3245,FAIL
3241,FAIL
3217,FAIL
3227,FAIL